"","names.RdMRI.","coeff","pvals"
"1","BRIA.BRIA.v_intra_ATRR",-0.0208037124323002,0.00354885721829557
"2","BRIA.BRIA.v_intra_CSTR",-0.0350500585038125,8.95530057002059e-07
"3","BRIA.BRIA.v_intra_CGR",-0.0206466720294178,0.00380888440241276
"4","BRIA.BRIA.v_intra_IFOFR",-0.0118802715719894,0.0959472256504311
"5","BRIA.BRIA.v_intra_ILFR",-0.0305991310506416,1.7947253808917e-05
"6","BRIA.BRIA.v_intra_SLFR",-0.0183992461125702,0.00992612352380664
"7","BRIA.BRIA.v_intra_UFR",-0.0511499371766584,7.19955258858611e-13
"8","BRIA.BRIA.v_intra_SLTFR",0.0123271208076146,0.0840216279411257
"9","BRIA.BRIA.v_intra_CorticospinaltractR",-0.0249200251930348,0.000479881254622647
"10","BRIA.BRIA.v_intra_MediallemniscusR",-0.0254210794977149,0.00036602007070694
"11","BRIA.BRIA.v_intra_InferiorcerebellarpeduncleR",-0.014887949710355,0.0369606813325829
"12","BRIA.BRIA.v_intra_SuperiorcerebellarpeduncleR",-0.0288596627998905,5.23074059900857e-05
"13","BRIA.BRIA.v_intra_CerebralpeduncleR",-0.0472791522127434,3.25177354409972e-11
"14","BRIA.BRIA.v_intra_AnteriorlimbofinternalcapsuleR",-0.0203887672134279,0.00426876070092622
"15","BRIA.BRIA.v_intra_.PosteriorlimbofinternalcapsuleR",-0.0404023390645271,1.48221565956024e-08
"16","BRIA.BRIA.v_intra_RetrolenticularpartofinternalcapsuleR",-0.0358108440634969,5.18118289961186e-07
"17","BRIA.BRIA.v_intra_AnteriorcoronaradiataR",-0.00995256651348564,0.163185182397007
"18","BRIA.BRIA.v_intra_SuperiorcoronaradiataR",-0.0182451565569589,0.0105658583325428
"19","BRIA.BRIA.v_intra_PosteriorcoronaradiataR",-0.0168184420868613,0.0184501572090891
"20","BRIA.BRIA.v_intra_PosteriorthalamicradiationR",-0.0145674302087459,0.041184010171177
"21","BRIA.BRIA.v_intra_SagittalstratumR",-0.0201024023087802,0.00484602081874358
"22","BRIA.BRIA.v_intra_ExternalcapsuleR",-0.0026806086808627,0.70737370978151
"23","BRIA.BRIA.v_intra_CingulumcingulategyrusR",-0.0290936542278133,4.5216660667888e-05
"24","BRIA.BRIA.v_intra_CingulumhippocampusR",0.0532417515755747,8.79563426879433e-14
"25","BRIA.BRIA.v_intra_Fornix_StriaterminalisR",-0.036163990064857,3.95299555819585e-07
"26","BRIA.BRIA.v_intra_SuperiorlongitudinalfasciculusR",-0.0227403030880659,0.00143955971903611
"27","BRIA.BRIA.v_intra_SuperiorfrontooccipitalfasciculusR",0.0319072300413637,7.65925824624289e-06
"28","BRIA.BRIA.v_intra_UncinatefasciculusR",0.0367887775091684,2.53122592462286e-07
"29","BRIA.BRIA.v_intra_TapetumR",-0.0218429034716706,0.00222280698925711
"30","BRIA.BRIA.v_intra_CINGR",0.0371566298653754,1.93018420062867e-07
"31","BRIA.BRIA.v_extra_ATRR",0.0148201330148472,0.0380410845031358
"32","BRIA.BRIA.v_extra_CSTR",-0.059231296406393,9.31255943885433e-17
"33","BRIA.BRIA.v_extra_CGR",-0.0428157853511716,1.95290298413503e-09
"34","BRIA.BRIA.v_extra_IFOFR",0.000844758867221545,0.905831321218793
"35","BRIA.BRIA.v_extra_ILFR",-0.036604697483161,2.86061070421028e-07
"36","BRIA.BRIA.v_extra_SLFR",-0.0186825969185042,0.00885335575500695
"37","BRIA.BRIA.v_extra_UFR",-0.0490162365447682,5.84302478300968e-12
"38","BRIA.BRIA.v_extra_SLTFR",0.00177917435562245,0.803200799860398
"39","BRIA.BRIA.v_extra_CorticospinaltractR",-0.0112000113900807,0.116425864205271
"40","BRIA.BRIA.v_extra_MediallemniscusR",-0.0209286040365449,0.00328107470871677
"41","BRIA.BRIA.v_extra_InferiorcerebellarpeduncleR",0.0103013759771901,0.148609497044701
"42","BRIA.BRIA.v_extra_SuperiorcerebellarpeduncleR",-0.0196578347651337,0.00591619621403072
"43","BRIA.BRIA.v_extra_CerebralpeduncleR",-0.0995926457671127,6.54941872071791e-46
"44","BRIA.BRIA.v_extra_AnteriorlimbofinternalcapsuleR",-0.0175120360105435,0.0141412374626982
"45","BRIA.BRIA.v_extra_.PosteriorlimbofinternalcapsuleR",-0.0682484943241999,9.39166752980098e-22
"46","BRIA.BRIA.v_extra_RetrolenticularpartofinternalcapsuleR",-0.0337656898127437,2.20037467508443e-06
"47","BRIA.BRIA.v_extra_AnteriorcoronaradiataR",-0.0385004276967423,6.77256248313795e-08
"48","BRIA.BRIA.v_extra_SuperiorcoronaradiataR",-0.0336553473224588,2.39660813709726e-06
"49","BRIA.BRIA.v_extra_PosteriorcoronaradiataR",-0.0334910255699059,2.71651986573822e-06
"50","BRIA.BRIA.v_extra_PosteriorthalamicradiationR",-0.0304414659073224,1.99887411626056e-05
"51","BRIA.BRIA.v_extra_SagittalstratumR",-0.0101420592236001,0.155619813425528
"52","BRIA.BRIA.v_extra_ExternalcapsuleR",-0.0137553845757865,0.05412616985906
"53","BRIA.BRIA.v_extra_CingulumcingulategyrusR",-0.032544139846825,4.95648152260093e-06
"54","BRIA.BRIA.v_extra_CingulumhippocampusR",0.000822316073356478,0.908270013687441
"55","BRIA.BRIA.v_extra_Fornix_StriaterminalisR",-0.0122867064022919,0.0851866531114123
"56","BRIA.BRIA.v_extra_SuperiorlongitudinalfasciculusR",-0.027995972525014,8.75897442833338e-05
"57","BRIA.BRIA.v_extra_SuperiorfrontooccipitalfasciculusR",-0.00763128058774216,0.285111144290364
"58","BRIA.BRIA.v_extra_UncinatefasciculusR",0.0145589863750229,0.0415194677990903
"59","BRIA.BRIA.v_extra_TapetumR",0.0142502782759749,0.0459116413573821
"60","BRIA.BRIA.v_extra_CINGR",0.0568456891371721,1.61416025293107e-15
"61","BRIA.BRIA.v_csf_ATRR",-0.0161932597233767,0.0232758213370384
"62","BRIA.BRIA.v_csf_CSTR",-0.0101102834519946,0.155937241765692
"63","BRIA.BRIA.v_csf_CGR",0.0415734521824328,4.97482879899445e-09
"64","BRIA.BRIA.v_csf_IFOFR",-0.0751868727139278,6.07410400817985e-26
"65","BRIA.BRIA.v_csf_ILFR",0.000643449129771368,0.928060113976456
"66","BRIA.BRIA.v_csf_SLFR",-0.0343605737208718,1.46236106787396e-06
"67","BRIA.BRIA.v_csf_UFR",-0.00522329001524501,0.464301817772305
"68","BRIA.BRIA.v_csf_SLTFR",-0.0899977721432812,1.65515571689288e-36
"69","BRIA.BRIA.v_csf_CorticospinaltractR",-0.0151602930867937,0.0336100686952143
"70","BRIA.BRIA.v_csf_MediallemniscusR",-0.00721918072211403,0.310937815000295
"71","BRIA.BRIA.v_csf_InferiorcerebellarpeduncleR",0.039894562996881,2.07950980878032e-08
"72","BRIA.BRIA.v_csf_SuperiorcerebellarpeduncleR",-0.0276218212711724,0.000110578245436528
"73","BRIA.BRIA.v_csf_CerebralpeduncleR",-0.00351136595655315,0.621388744555617
"74","BRIA.BRIA.v_csf_AnteriorlimbofinternalcapsuleR",0.0645023349481404,1.42515771470725e-19
"75","BRIA.BRIA.v_csf_.PosteriorlimbofinternalcapsuleR",-0.00158209434723798,0.824352447462298
"76","BRIA.BRIA.v_csf_RetrolenticularpartofinternalcapsuleR",-0.0463004162852438,8.88430772989636e-11
"77","BRIA.BRIA.v_csf_AnteriorcoronaradiataR",0.0462315352632241,7.93114299541368e-11
"78","BRIA.BRIA.v_csf_SuperiorcoronaradiataR",-0.000749306308941556,0.916212910295145
"79","BRIA.BRIA.v_csf_PosteriorcoronaradiataR",-0.0271060014941828,0.000145275301968815
"80","BRIA.BRIA.v_csf_PosteriorthalamicradiationR",-0.0332112340380196,3.3074509420624e-06
"81","BRIA.BRIA.v_csf_SagittalstratumR",-0.0849280075097592,1.09837440835803e-32
"82","BRIA.BRIA.v_csf_ExternalcapsuleR",0.00813197193028126,0.255003317832713
"83","BRIA.BRIA.v_csf_CingulumcingulategyrusR",-0.0122111990718938,0.08600883796387
"84","BRIA.BRIA.v_csf_CingulumhippocampusR",0.00885608876343638,0.211886049703285
"85","BRIA.BRIA.v_csf_Fornix_StriaterminalisR",-0.0904776145233825,7.25377174693352e-37
"86","BRIA.BRIA.v_csf_SuperiorlongitudinalfasciculusR",-0.0517160971308172,4.23589968234262e-13
"87","BRIA.BRIA.v_csf_SuperiorfrontooccipitalfasciculusR",0.0169330616622755,0.0176171923109025
"88","BRIA.BRIA.v_csf_UncinatefasciculusR",-0.0112978210109712,0.11320351954361
"89","BRIA.BRIA.v_csf_TapetumR",-0.0425440239540063,2.53570997941389e-09
"90","BRIA.BRIA.v_csf_CINGR",-0.0466943298096318,6.07627395233144e-11
"91","BRIA.BRIA.micro_Rd_ATRR",0.0192905019155383,0.00682957629618036
"92","BRIA.BRIA.micro_Rd_CSTR",-0.0247354573254037,0.000535295146040438
"93","BRIA.BRIA.micro_Rd_CGR",0.0279992287101266,8.5562840177136e-05
"94","BRIA.BRIA.micro_Rd_IFOFR",-0.0674611226502678,3.43443110248244e-21
"95","BRIA.BRIA.micro_Rd_ILFR",-0.02982145471895,2.96495466534257e-05
"96","BRIA.BRIA.micro_Rd_SLFR",-0.042087064488707,3.74155930035635e-09
"97","BRIA.BRIA.micro_Rd_UFR",-0.0692131074994088,2.86135424669538e-22
"98","BRIA.BRIA.micro_Rd_SLTFR",-0.0487464259115218,8.49123148179982e-12
"99","BRIA.BRIA.micro_Rd_CorticospinaltractR",0.000330810776533932,0.963064522288305
"100","BRIA.BRIA.micro_Rd_MediallemniscusR",-0.00341153230977206,0.632518086966461
"101","BRIA.BRIA.micro_Rd_InferiorcerebellarpeduncleR",0.0596545155771196,4.99913611417185e-17
"102","BRIA.BRIA.micro_Rd_SuperiorcerebellarpeduncleR",-0.0135575227865523,0.0576108924297298
"103","BRIA.BRIA.micro_Rd_CerebralpeduncleR",-0.0216625559681089,0.00239424759832165
"104","BRIA.BRIA.micro_Rd_AnteriorlimbofinternalcapsuleR",0.0410969196766552,8.5631946337453e-09
"105","BRIA.BRIA.micro_Rd_.PosteriorlimbofinternalcapsuleR",-0.0258244056818768,0.000298456720701366
"106","BRIA.BRIA.micro_Rd_RetrolenticularpartofinternalcapsuleR",-0.0618367109631648,4.50724253619042e-18
"107","BRIA.BRIA.micro_Rd_AnteriorcoronaradiataR",0.0127521762703394,0.0738983017214366
"108","BRIA.BRIA.micro_Rd_SuperiorcoronaradiataR",-0.0154904976756199,0.0299011888984168
"109","BRIA.BRIA.micro_Rd_PosteriorcoronaradiataR",-0.0306698325092447,1.73820093758967e-05
"110","BRIA.BRIA.micro_Rd_PosteriorthalamicradiationR",-0.0275912537233501,0.000111919211026232
"111","BRIA.BRIA.micro_Rd_SagittalstratumR",-0.0859698525287282,1.96217776402412e-33
"112","BRIA.BRIA.micro_Rd_ExternalcapsuleR",0.0042673588287995,0.550102609808808
"113","BRIA.BRIA.micro_Rd_CingulumcingulategyrusR",-0.0336026133332925,2.45469954547029e-06
"114","BRIA.BRIA.micro_Rd_CingulumhippocampusR",0.00204964066244204,0.773534771355993
"115","BRIA.BRIA.micro_Rd_Fornix_StriaterminalisR",-0.12957854922622,3.6746438124069e-74
"116","BRIA.BRIA.micro_Rd_SuperiorlongitudinalfasciculusR",-0.0526895925532444,1.56692484557062e-13
"117","BRIA.BRIA.micro_Rd_SuperiorfrontooccipitalfasciculusR",0.0694305141648335,1.60454332291466e-22
"118","BRIA.BRIA.micro_Rd_UncinatefasciculusR",0.00933835154615048,0.190681175642833
"119","BRIA.BRIA.micro_Rd_TapetumR",-0.0462628482182511,9.35580181254517e-11
"120","BRIA.BRIA.micro_Rd_CINGR",0.0228349413522104,0.00135753387773433
"121","BRIA.BRIA.micro_FA_ATRR",-0.0213461081471636,0.00277131249133729
"122","BRIA.BRIA.micro_FA_CSTR",-0.0292369739354614,4.15808652543771e-05
"123","BRIA.BRIA.micro_FA_CGR",-0.0154916140088497,0.0298895313228207
"124","BRIA.BRIA.micro_FA_IFOFR",-0.0249816972032045,0.000462182044157496
"125","BRIA.BRIA.micro_FA_ILFR",-0.0277649052986781,9.93831439495445e-05
"126","BRIA.BRIA.micro_FA_SLFR",-0.0235649289521495,0.000956635793326085
"127","BRIA.BRIA.micro_FA_UFR",-0.0366612354082426,2.75142942411506e-07
"128","BRIA.BRIA.micro_FA_SLTFR",-0.0112010148918411,0.116374230413702
"129","BRIA.BRIA.micro_FA_CorticospinaltractR",-0.0223493383876717,0.00173070603391059
"130","BRIA.BRIA.micro_FA_MediallemniscusR",-0.0207295022124338,0.0036586242391663
"131","BRIA.BRIA.micro_FA_InferiorcerebellarpeduncleR",-0.0123551489652502,0.0832924147482534
"132","BRIA.BRIA.micro_FA_SuperiorcerebellarpeduncleR",-0.0282840211440376,7.36393213752633e-05
"133","BRIA.BRIA.micro_FA_CerebralpeduncleR",-0.0274649074160441,0.000117904676989898
"134","BRIA.BRIA.micro_FA_AnteriorlimbofinternalcapsuleR",-0.0157834641208816,0.0269611273922609
"135","BRIA.BRIA.micro_FA_.PosteriorlimbofinternalcapsuleR",-0.0282474034910154,7.53343287725054e-05
"136","BRIA.BRIA.micro_FA_RetrolenticularpartofinternalcapsuleR",-0.0358688425620398,4.96907457654269e-07
"137","BRIA.BRIA.micro_FA_AnteriorcoronaradiataR",-0.0140732719829229,0.0485769215218486
"138","BRIA.BRIA.micro_FA_SuperiorcoronaradiataR",-0.0189205688575019,0.0080058225310218
"139","BRIA.BRIA.micro_FA_PosteriorcoronaradiataR",-0.0178152833773656,0.0125371403911994
"140","BRIA.BRIA.micro_FA_PosteriorthalamicradiationR",-0.0197245405696505,0.00569743825988527
"141","BRIA.BRIA.micro_FA_SagittalstratumR",-0.0318958362691383,7.78937955204304e-06
"142","BRIA.BRIA.micro_FA_ExternalcapsuleR",-0.0070971529448333,0.319935703011204
"143","BRIA.BRIA.micro_FA_CingulumcingulategyrusR",-0.0285266632642279,6.35843643609881e-05
"144","BRIA.BRIA.micro_FA_CingulumhippocampusR",0.00764233895580806,0.284236069261666
"145","BRIA.BRIA.micro_FA_Fornix_StriaterminalisR",-0.0416800688014079,5.12465154829789e-09
"146","BRIA.BRIA.micro_FA_SuperiorlongitudinalfasciculusR",-0.0265495426878817,0.000198463628093863
"147","BRIA.BRIA.micro_FA_SuperiorfrontooccipitalfasciculusR",0.0219370793781897,0.00209635332591148
"148","BRIA.BRIA.micro_FA_UncinatefasciculusR",-0.00344775054514075,0.629002340411195
"149","BRIA.BRIA.micro_FA_TapetumR",-0.00319333005578712,0.654683761518011
"150","BRIA.BRIA.micro_FA_CINGR",0.00145529417519044,0.838336784648596
"151","BRIA.BRIA.micro_Ax_ATRR",-0.0273347593573574,0.000126868835209942
"152","BRIA.BRIA.micro_Ax_CSTR",-0.0258391588629638,0.00029096887169983
"153","BRIA.BRIA.micro_Ax_CGR",-0.0259671248127529,0.000269829214581245
"154","BRIA.BRIA.micro_Ax_IFOFR",-0.0352077073311218,8.04546540429597e-07
"155","BRIA.BRIA.micro_Ax_ILFR",-0.0262014862095796,0.000239269559577415
"156","BRIA.BRIA.micro_Ax_SLFR",-0.0304071395420419,2.01199237499458e-05
"157","BRIA.BRIA.micro_Ax_UFR",-0.0248086077682808,0.000505109891223678
"158","BRIA.BRIA.micro_Ax_SLTFR",-0.0401743774561764,1.82760793392851e-08
"159","BRIA.BRIA.micro_Ax_CorticospinaltractR",-0.0281335487914922,8.0200442724249e-05
"160","BRIA.BRIA.micro_Ax_MediallemniscusR",-0.0273595326496167,0.00012436271500874
"161","BRIA.BRIA.micro_Ax_InferiorcerebellarpeduncleR",-0.0179958417053752,0.0116323104411429
"162","BRIA.BRIA.micro_Ax_SuperiorcerebellarpeduncleR",-0.025705473727276,0.000316837955163837
"163","BRIA.BRIA.micro_Ax_CerebralpeduncleR",-0.0257699788437466,0.00030210082135248
"164","BRIA.BRIA.micro_Ax_AnteriorlimbofinternalcapsuleR",-0.0151569205023029,0.0336481746522855
"165","BRIA.BRIA.micro_Ax_.PosteriorlimbofinternalcapsuleR",-0.0245994220367501,0.000563371817192677
"166","BRIA.BRIA.micro_Ax_RetrolenticularpartofinternalcapsuleR",-0.0254564274732988,0.000358898178453786
"167","BRIA.BRIA.micro_Ax_AnteriorcoronaradiataR",-0.019991319765007,0.00504505228660908
"168","BRIA.BRIA.micro_Ax_SuperiorcoronaradiataR",-0.0252816369669808,0.000391391945238013
"169","BRIA.BRIA.micro_Ax_PosteriorcoronaradiataR",-0.0315726507653205,9.54365023141879e-06
"170","BRIA.BRIA.micro_Ax_PosteriorthalamicradiationR",-0.0318720652900754,7.91072766549376e-06
"171","BRIA.BRIA.micro_Ax_SagittalstratumR",-0.0347519859304145,1.12810562560048e-06
"172","BRIA.BRIA.micro_Ax_ExternalcapsuleR",-0.0405710712034998,1.33082559598788e-08
"173","BRIA.BRIA.micro_Ax_CingulumcingulategyrusR",-0.0254578961532066,0.000355045611044855
"174","BRIA.BRIA.micro_Ax_CingulumhippocampusR",-0.0124032829653149,0.0823434131906903
"175","BRIA.BRIA.micro_Ax_Fornix_StriaterminalisR",-0.0278206790348409,9.71266874223193e-05
"176","BRIA.BRIA.micro_Ax_SuperiorlongitudinalfasciculusR",-0.0326779417828775,4.61361400320839e-06
"177","BRIA.BRIA.micro_Ax_SuperiorfrontooccipitalfasciculusR",-0.0289785395040595,4.84783105966446e-05
"178","BRIA.BRIA.micro_Ax_UncinatefasciculusR",-0.0252037800795165,0.000415819425814559
"179","BRIA.BRIA.micro_Ax_TapetumR",-0.0282256603086972,7.55719702225738e-05
"180","BRIA.BRIA.micro_Ax_CINGR",-0.0263768891250142,0.00022100488469328
"181","BRIA.BRIA.micro_ADC_ATRR",-0.0155726443119714,0.0291077017020015
"182","BRIA.BRIA.micro_ADC_CSTR",-0.0264499744085278,0.000208901082673497
"183","BRIA.BRIA.micro_ADC_CGR",0.00973748042742105,0.171598804148187
"184","BRIA.BRIA.micro_ADC_IFOFR",-0.0711697731430256,1.98875607619217e-23
"185","BRIA.BRIA.micro_ADC_ILFR",-0.0254973151343759,0.000352329781788828
"186","BRIA.BRIA.micro_ADC_SLFR",-0.0393544147430417,3.45333706063931e-08
"187","BRIA.BRIA.micro_ADC_UFR",-0.0371983817714804,1.85377713642982e-07
"188","BRIA.BRIA.micro_ADC_SLTFR",-0.0824012886950001,7.18173292418393e-31
"189","BRIA.BRIA.micro_ADC_CorticospinaltractR",-0.0159726106237589,0.0251781102842624
"190","BRIA.BRIA.micro_ADC_MediallemniscusR",-0.0163538313858959,0.0217637817860874
"191","BRIA.BRIA.micro_ADC_InferiorcerebellarpeduncleR",0.0139373591497689,0.050389473770484
"192","BRIA.BRIA.micro_ADC_SuperiorcerebellarpeduncleR",-0.024359926624837,0.000650072733978573
"193","BRIA.BRIA.micro_ADC_CerebralpeduncleR",-0.0122097070459893,0.0871774504186416
"194","BRIA.BRIA.micro_ADC_AnteriorlimbofinternalcapsuleR",0.0446488351910419,3.94206489999927e-10
"195","BRIA.BRIA.micro_ADC_.PosteriorlimbofinternalcapsuleR",-0.0157715228967083,0.0271865749511958
"196","BRIA.BRIA.micro_ADC_RetrolenticularpartofinternalcapsuleR",-0.0427962068587322,2.02219748838712e-09
"197","BRIA.BRIA.micro_ADC_AnteriorcoronaradiataR",0.0290846945029919,4.46126707536512e-05
"198","BRIA.BRIA.micro_ADC_SuperiorcoronaradiataR",-0.0116759235508367,0.101521955392506
"199","BRIA.BRIA.micro_ADC_PosteriorcoronaradiataR",-0.0284615117074626,6.62911208704672e-05
"200","BRIA.BRIA.micro_ADC_PosteriorthalamicradiationR",-0.0304377025332712,2.01916170172626e-05
"201","BRIA.BRIA.micro_ADC_SagittalstratumR",-0.0866969474578317,5.37510262261212e-34
"202","BRIA.BRIA.micro_ADC_ExternalcapsuleR",-0.0378854124640768,1.13056283200103e-07
"203","BRIA.BRIA.micro_ADC_CingulumcingulategyrusR",-0.0289318413979249,4.84600914869418e-05
"204","BRIA.BRIA.micro_ADC_CingulumhippocampusR",-0.0164718229573378,0.020867976618749
"205","BRIA.BRIA.micro_ADC_Fornix_StriaterminalisR",-0.0691530522470623,3.40244798829861e-22
"206","BRIA.BRIA.micro_ADC_SuperiorlongitudinalfasciculusR",-0.0540437625754171,3.55859886582414e-14
"207","BRIA.BRIA.micro_ADC_SuperiorfrontooccipitalfasciculusR",0.0352133306791169,7.73823181753298e-07
"208","BRIA.BRIA.micro_ADC_UncinatefasciculusR",-0.0323053775869424,5.92265216773305e-06
"209","BRIA.BRIA.micro_ADC_TapetumR",-0.0230253247994108,0.00126417273631037
"210","BRIA.BRIA.micro_ADC_CINGR",-0.037640852207332,1.34028901254873e-07
"211","BRIA.BRIA.Drad_extra_ATRR",-0.0222122466819747,0.00184628762472292
"212","BRIA.BRIA.Drad_extra_CSTR",-0.0292504543683897,4.13009159651738e-05
"213","BRIA.BRIA.Drad_extra_CGR",-0.0273798657391409,0.000123546800560312
"214","BRIA.BRIA.Drad_extra_IFOFR",-0.0365006867480564,3.11467427657183e-07
"215","BRIA.BRIA.Drad_extra_ILFR",-0.031723247931225,8.71894427161069e-06
"216","BRIA.BRIA.Drad_extra_SLFR",-0.0314343844781742,1.04731399957998e-05
"217","BRIA.BRIA.Drad_extra_UFR",-0.0323776875413849,5.65970515853123e-06
"218","BRIA.BRIA.Drad_extra_SLTFR",-0.0380756690416582,9.46309309069398e-08
"219","BRIA.BRIA.Drad_extra_CorticospinaltractR",-0.0262311125306115,0.000237292296487458
"220","BRIA.BRIA.Drad_extra_MediallemniscusR",-0.025396978670138,0.000370742181047105
"221","BRIA.BRIA.Drad_extra_InferiorcerebellarpeduncleR",-0.022306466642424,0.00176708161759322
"222","BRIA.BRIA.Drad_extra_SuperiorcerebellarpeduncleR",-0.0245528084423447,0.000579853175921999
"223","BRIA.BRIA.Drad_extra_CerebralpeduncleR",-0.0273602387734546,0.000125227374824998
"224","BRIA.BRIA.Drad_extra_AnteriorlimbofinternalcapsuleR",-0.0227389768193826,0.00143783855618391
"225","BRIA.BRIA.Drad_extra_.PosteriorlimbofinternalcapsuleR",-0.0291378580143189,4.42160892720094e-05
"226","BRIA.BRIA.Drad_extra_RetrolenticularpartofinternalcapsuleR",-0.0300670416154169,2.50235447355539e-05
"227","BRIA.BRIA.Drad_extra_AnteriorcoronaradiataR",-0.0192398389682393,0.00699439148645835
"228","BRIA.BRIA.Drad_extra_SuperiorcoronaradiataR",-0.0232589835360566,0.00111107023323223
"229","BRIA.BRIA.Drad_extra_PosteriorcoronaradiataR",-0.0319694940570506,7.41201437329429e-06
"230","BRIA.BRIA.Drad_extra_PosteriorthalamicradiationR",-0.0304333229961924,1.9925014445959e-05
"231","BRIA.BRIA.Drad_extra_SagittalstratumR",-0.0385560479189441,6.54946129256849e-08
"232","BRIA.BRIA.Drad_extra_ExternalcapsuleR",-0.036777820540333,2.56745696287694e-07
"233","BRIA.BRIA.Drad_extra_CingulumcingulategyrusR",-0.0266321316505854,0.00018802623674144
"234","BRIA.BRIA.Drad_extra_CingulumhippocampusR",-0.0219324482944775,0.0021204635055246
"235","BRIA.BRIA.Drad_extra_Fornix_StriaterminalisR",-0.0297875459311149,2.98523715065586e-05
"236","BRIA.BRIA.Drad_extra_SuperiorlongitudinalfasciculusR",-0.0302784909227985,2.1912894848618e-05
"237","BRIA.BRIA.Drad_extra_SuperiorfrontooccipitalfasciculusR",-0.00309240839831456,0.664668590241017
"238","BRIA.BRIA.Drad_extra_UncinatefasciculusR",-0.0316532046758122,9.22177899680779e-06
"239","BRIA.BRIA.Drad_extra_TapetumR",-0.0442033736629424,5.72986220804282e-10
"240","BRIA.BRIA.Drad_extra_CINGR",-0.0260336232411996,0.000265309005828565
"241","BRIA.BRIA.Dax_intra_ATRR",-0.026983375624547,0.000155189224520541
"242","BRIA.BRIA.Dax_intra_CSTR",-0.0293663375367017,3.85626992456452e-05
"243","BRIA.BRIA.Dax_intra_CGR",-0.0293632303654694,3.83510917434654e-05
"244","BRIA.BRIA.Dax_intra_IFOFR",-0.0368195011297928,2.45263259085077e-07
"245","BRIA.BRIA.Dax_intra_ILFR",-0.032514309978817,5.17241735095409e-06
"246","BRIA.BRIA.Dax_intra_SLFR",-0.0331258049144616,3.41221266507868e-06
"247","BRIA.BRIA.Dax_intra_UFR",-0.0314192441400071,1.06051855334502e-05
"248","BRIA.BRIA.Dax_intra_SLTFR",-0.0404294204939998,1.45864907938044e-08
"249","BRIA.BRIA.Dax_intra_CorticospinaltractR",-0.0249315945492206,0.000476740906848196
"250","BRIA.BRIA.Dax_intra_MediallemniscusR",-0.0253401384384018,0.000382488334587542
"251","BRIA.BRIA.Dax_intra_InferiorcerebellarpeduncleR",-0.0209667572691217,0.00329954641176062
"252","BRIA.BRIA.Dax_intra_SuperiorcerebellarpeduncleR",-0.0239748778261891,0.000780233825141205
"253","BRIA.BRIA.Dax_intra_CerebralpeduncleR",-0.0281333208523888,8.00923467197289e-05
"254","BRIA.BRIA.Dax_intra_AnteriorlimbofinternalcapsuleR",-0.0251338130941497,0.000427107950314871
"255","BRIA.BRIA.Dax_intra_.PosteriorlimbofinternalcapsuleR",-0.0295574094271243,3.43582360868613e-05
"256","BRIA.BRIA.Dax_intra_RetrolenticularpartofinternalcapsuleR",-0.0271671524707521,0.000140043123566451
"257","BRIA.BRIA.Dax_intra_AnteriorcoronaradiataR",-0.0219160991033918,0.00212252215767201
"258","BRIA.BRIA.Dax_intra_SuperiorcoronaradiataR",-0.0244445285739047,0.000610262958787511
"259","BRIA.BRIA.Dax_intra_PosteriorcoronaradiataR",-0.032705318256071,4.54005138189973e-06
"260","BRIA.BRIA.Dax_intra_PosteriorthalamicradiationR",-0.0328656242234934,4.09221779560356e-06
"261","BRIA.BRIA.Dax_intra_SagittalstratumR",-0.0387860863250915,5.46728379517315e-08
"262","BRIA.BRIA.Dax_intra_ExternalcapsuleR",-0.0411341783629535,8.23322081039466e-09
"263","BRIA.BRIA.Dax_intra_CingulumcingulategyrusR",-0.0271827825382522,0.000137968688168957
"264","BRIA.BRIA.Dax_intra_CingulumhippocampusR",-0.0188536551047593,0.00828649976322196
"265","BRIA.BRIA.Dax_intra_Fornix_StriaterminalisR",-0.0310415102379355,1.36325744002138e-05
"266","BRIA.BRIA.Dax_intra_SuperiorlongitudinalfasciculusR",-0.032688291654148,4.59956415313332e-06
"267","BRIA.BRIA.Dax_intra_SuperiorfrontooccipitalfasciculusR",-0.00645602018749548,0.36548478726801
"268","BRIA.BRIA.Dax_intra_UncinatefasciculusR",-0.0323572975817376,5.81490731787425e-06
"269","BRIA.BRIA.Dax_intra_TapetumR",-0.0401263968242243,1.84285427309767e-08
"270","BRIA.BRIA.Dax_intra_CINGR",-0.0249958525750054,0.000462761277983933
"271","BRIA.BRIA.Dax_extra_ATRR",-0.0249442345930411,0.000470545776773886
"272","BRIA.BRIA.Dax_extra_CSTR",-0.0273289060259526,0.000127656334875153
"273","BRIA.BRIA.Dax_extra_CGR",-0.0265198178138241,0.000199842165248956
"274","BRIA.BRIA.Dax_extra_IFOFR",-0.0383386652516182,7.71526191098821e-08
"275","BRIA.BRIA.Dax_extra_ILFR",-0.0299521901538929,2.68630858988773e-05
"276","BRIA.BRIA.Dax_extra_SLFR",-0.0312871082015261,1.1516139837007e-05
"277","BRIA.BRIA.Dax_extra_UFR",-0.0330734062486074,3.55645669858195e-06
"278","BRIA.BRIA.Dax_extra_SLTFR",-0.0442622148766667,5.5752305136024e-10
"279","BRIA.BRIA.Dax_extra_CorticospinaltractR",-0.0262884509146565,0.000229186231256055
"280","BRIA.BRIA.Dax_extra_MediallemniscusR",-0.0266518121103387,0.000186515818688414
"281","BRIA.BRIA.Dax_extra_InferiorcerebellarpeduncleR",-0.018293266522485,0.0103382036682995
"282","BRIA.BRIA.Dax_extra_SuperiorcerebellarpeduncleR",-0.0245681700686203,0.000576846678890958
"283","BRIA.BRIA.Dax_extra_CerebralpeduncleR",-0.0258785171633534,0.000286561078232824
"284","BRIA.BRIA.Dax_extra_AnteriorlimbofinternalcapsuleR",-0.0116900796232762,0.101362139299227
"285","BRIA.BRIA.Dax_extra_.PosteriorlimbofinternalcapsuleR",-0.0261304279675094,0.000249932661875729
"286","BRIA.BRIA.Dax_extra_RetrolenticularpartofinternalcapsuleR",-0.0276851445620969,0.000104213947622655
"287","BRIA.BRIA.Dax_extra_AnteriorcoronaradiataR",-0.0111744995610052,0.117178369955389
"288","BRIA.BRIA.Dax_extra_SuperiorcoronaradiataR",-0.0210142677973103,0.00321552511351573
"289","BRIA.BRIA.Dax_extra_PosteriorcoronaradiataR",-0.0329126689895703,3.94410882015097e-06
"290","BRIA.BRIA.Dax_extra_PosteriorthalamicradiationR",-0.0302791340085322,2.19509319123987e-05
"291","BRIA.BRIA.Dax_extra_SagittalstratumR",-0.0419576744103564,4.13189711959965e-09
"292","BRIA.BRIA.Dax_extra_ExternalcapsuleR",-0.0481518550127619,1.52516173564062e-11
"293","BRIA.BRIA.Dax_extra_CingulumcingulategyrusR",-0.026360100186923,0.000218081913709629
"294","BRIA.BRIA.Dax_extra_CingulumhippocampusR",-0.0159107309119008,0.025887471945985
"295","BRIA.BRIA.Dax_extra_Fornix_StriaterminalisR",-0.0317287857239982,8.78480689354759e-06
"296","BRIA.BRIA.Dax_extra_SuperiorlongitudinalfasciculusR",-0.0329170452174709,3.94341252074025e-06
"297","BRIA.BRIA.Dax_extra_SuperiorfrontooccipitalfasciculusR",-0.00308813526384804,0.665068296473994
"298","BRIA.BRIA.Dax_extra_UncinatefasciculusR",-0.0330084451308013,3.76982529889817e-06
"299","BRIA.BRIA.Dax_extra_TapetumR",-0.0448103789497489,3.30156588306594e-10
"300","BRIA.BRIA.Dax_extra_CINGR",-0.0270924250255746,0.000147903778144433
"301","DKI.DKI.MK_ATRR",0.0319236720440709,7.83725267912736e-06
"302","DKI.DKI.MK_CSTR",-0.0364780959962558,3.24628541802054e-07
"303","DKI.DKI.MK_CGR",-0.0151901141528259,0.0335261361061488
"304","DKI.DKI.MK_IFOFR",0.0389927332409258,4.72197068964155e-08
"305","DKI.DKI.MK_ILFR",-0.0220485293673634,0.00203338481797764
"306","DKI.DKI.MK_SLFR",0.0242225622630494,0.000693507112027346
"307","DKI.DKI.MK_UFR",-0.0900887756072146,1.03317491135107e-36
"308","DKI.DKI.MK_SLTFR",0.102984804582197,1.08637219239571e-47
"309","DKI.DKI.MK_CorticospinaltractR",0.00814728516069837,0.254051778427968
"310","DKI.DKI.MK_MediallemniscusR",0.00863138406149859,0.226675570643356
"311","DKI.DKI.MK_InferiorcerebellarpeduncleR",0.025286932479979,0.000394678242749303
"312","DKI.DKI.MK_SuperiorcerebellarpeduncleR",0.00168185498737248,0.813850252487042
"313","DKI.DKI.MK_CerebralpeduncleR",-0.0191823950644474,0.00709696045214504
"314","DKI.DKI.MK_AnteriorlimbofinternalcapsuleR",0.0584974804037833,2.30412338101997e-16
"315","DKI.DKI.MK_.PosteriorlimbofinternalcapsuleR",0.0249362312844331,0.000481398267899095
"316","DKI.DKI.MK_RetrolenticularpartofinternalcapsuleR",-0.0376306592501119,1.38273118057533e-07
"317","DKI.DKI.MK_AnteriorcoronaradiataR",0.0532834915616612,8.32034676350263e-14
"318","DKI.DKI.MK_SuperiorcoronaradiataR",0.0426979855973248,2.11642577316069e-09
"319","DKI.DKI.MK_PosteriorcoronaradiataR",0.00444654320822412,0.533448484420182
"320","DKI.DKI.MK_PosteriorthalamicradiationR",0.00638500876275155,0.371320504137326
"321","DKI.DKI.MK_SagittalstratumR",-0.00331565990522421,0.642553412765397
"322","DKI.DKI.MK_ExternalcapsuleR",0.0386113206026327,6.44228478557835e-08
"323","DKI.DKI.MK_CingulumcingulategyrusR",-0.0444685370546434,4.59610857912213e-10
"324","DKI.DKI.MK_CingulumhippocampusR",0.0774869282084903,1.92293230607232e-27
"325","DKI.DKI.MK_Fornix_StriaterminalisR",-0.0390722833327446,4.53159843293455e-08
"326","DKI.DKI.MK_SuperiorlongitudinalfasciculusR",-0.00303891705504305,0.670572951501568
"327","DKI.DKI.MK_SuperiorfrontooccipitalfasciculusR",0.161757720535434,2.49682405050472e-116
"328","DKI.DKI.MK_UncinatefasciculusR",0.0486984683849359,8.64883145296451e-12
"329","DKI.DKI.MK_TapetumR",-0.0355822738293479,6.21827938197161e-07
"330","DKI.DKI.MK_CINGR",0.138183808374804,2.62655726830932e-84
"331","DKI.DKI.RK_ATRR",0.0646167348695143,1.29973343044267e-19
"332","DKI.DKI.RK_CSTR",-0.0222466108810981,0.00183811969697598
"333","DKI.DKI.RK_CGR",-0.0315925912547157,9.75521739842906e-06
"334","DKI.DKI.RK_IFOFR",0.0504164706529257,1.48839894525761e-12
"335","DKI.DKI.RK_ILFR",-0.0962119560176705,1.68753379319694e-41
"336","DKI.DKI.RK_SLFR",0.0381324246495741,9.10731040214571e-08
"337","DKI.DKI.RK_UFR",-0.0415770945793065,5.77966293073508e-09
"338","DKI.DKI.RK_SLTFR",0.137778581249923,2.82315666342284e-85
"339","DKI.DKI.RK_CorticospinaltractR",-0.000843089131802609,0.906012405111508
"340","DKI.DKI.RK_MediallemniscusR",0.0178131965291976,0.0124787350108902
"341","DKI.DKI.RK_InferiorcerebellarpeduncleR",0.0228376408800813,0.00135683923668901
"342","DKI.DKI.RK_SuperiorcerebellarpeduncleR",-0.00643461477970847,0.367823633736453
"343","DKI.DKI.RK_CerebralpeduncleR",-0.0117222094062474,0.100096089821457
"344","DKI.DKI.RK_AnteriorlimbofinternalcapsuleR",0.0760273654766165,1.36201296615382e-26
"345","DKI.DKI.RK_.PosteriorlimbofinternalcapsuleR",0.0316971031016505,8.77471505324035e-06
"346","DKI.DKI.RK_RetrolenticularpartofinternalcapsuleR",-0.0507979460197606,1.14492754814104e-12
"347","DKI.DKI.RK_AnteriorcoronaradiataR",0.0715880179999634,1.07059794484179e-23
"348","DKI.DKI.RK_SuperiorcoronaradiataR",0.0156747988430813,0.0282028023328101
"349","DKI.DKI.RK_PosteriorcoronaradiataR",0.0418976302228835,4.30601826424892e-09
"350","DKI.DKI.RK_PosteriorthalamicradiationR",-0.0105444528459401,0.139516837472052
"351","DKI.DKI.RK_SagittalstratumR",-0.0290574630442308,4.76110230129268e-05
"352","DKI.DKI.RK_ExternalcapsuleR",0.0271637804558672,0.00014191046257661
"353","DKI.DKI.RK_CingulumcingulategyrusR",-0.130775998839658,3.10785308761515e-76
"354","DKI.DKI.RK_CingulumhippocampusR",0.063394282528057,5.39202135880921e-19
"355","DKI.DKI.RK_Fornix_StriaterminalisR",-0.075806383947441,2.49700007260046e-26
"356","DKI.DKI.RK_SuperiorlongitudinalfasciculusR",0.00520594878540198,0.466150396049789
"357","DKI.DKI.RK_SuperiorfrontooccipitalfasciculusR",0.186921158755988,5.97480303392805e-155
"358","DKI.DKI.RK_UncinatefasciculusR",0.0727228737725988,1.55676179112449e-24
"359","DKI.DKI.RK_TapetumR",-0.0435473886902243,1.0553172119853e-09
"360","DKI.DKI.RK_CINGR",0.127312680605919,2.70824925874306e-72
"361","DKI.DKI.AK_ATRR",0.0243784515856087,0.000644374586940533
"362","DKI.DKI.AK_CSTR",0.0258694696427949,0.000293013270293755
"363","DKI.DKI.AK_CGR",0.0890599636715359,5.76077575277226e-36
"364","DKI.DKI.AK_IFOFR",-0.038723816736317,5.82035679919858e-08
"365","DKI.DKI.AK_ILFR",0.0575799399695114,7.15092272181572e-16
"366","DKI.DKI.AK_SLFR",0.0304825106521721,1.94603066972758e-05
"367","DKI.DKI.AK_UFR",-0.125090055258896,9.57886299882194e-70
"368","DKI.DKI.AK_SLTFR",-0.0339039481576844,2.03990878914744e-06
"369","DKI.DKI.AK_CorticospinaltractR",-0.0151496711527394,0.0338240706059856
"370","DKI.DKI.AK_MediallemniscusR",-0.00707035754067384,0.322246466685078
"371","DKI.DKI.AK_InferiorcerebellarpeduncleR",-0.00122963383156381,0.86334982730685
"372","DKI.DKI.AK_SuperiorcerebellarpeduncleR",0.02668632846568,0.00018701344483596
"373","DKI.DKI.AK_CerebralpeduncleR",0.0165485807007395,0.020431751836782
"374","DKI.DKI.AK_AnteriorlimbofinternalcapsuleR",0.00119580788237929,0.867075321577356
"375","DKI.DKI.AK_.PosteriorlimbofinternalcapsuleR",0.0081770784216713,0.252274502329976
"376","DKI.DKI.AK_RetrolenticularpartofinternalcapsuleR",0.030154106787097,2.43730799924374e-05
"377","DKI.DKI.AK_AnteriorcoronaradiataR",-0.015185272983763,0.0335545144585536
"378","DKI.DKI.AK_SuperiorcoronaradiataR",0.0698244021219417,7.50544937812531e-23
"379","DKI.DKI.AK_PosteriorcoronaradiataR",-0.0560375461802067,3.96928835474298e-15
"380","DKI.DKI.AK_PosteriorthalamicradiationR",-0.0258275660927986,0.000300804822287636
"381","DKI.DKI.AK_SagittalstratumR",-0.0918656299626057,3.30789287931978e-38
"382","DKI.DKI.AK_ExternalcapsuleR",0.0433067151129595,1.33567409286196e-09
"383","DKI.DKI.AK_CingulumcingulategyrusR",0.0756525636304445,2.17011185567284e-26
"384","DKI.DKI.AK_CingulumhippocampusR",0.00913659024498385,0.200886763594822
"385","DKI.DKI.AK_Fornix_StriaterminalisR",0.0223413598178093,0.0017578237846144
"386","DKI.DKI.AK_SuperiorlongitudinalfasciculusR",-0.0187964812071008,0.00849508988139642
"387","DKI.DKI.AK_SuperiorfrontooccipitalfasciculusR",-0.119264213469228,5.08877058173546e-63
"388","DKI.DKI.AK_UncinatefasciculusR",0.0530165775735168,1.11265209224619e-13
"389","DKI.DKI.AK_TapetumR",0.103576382914113,3.84084199054318e-48
"390","DKI.DKI.AK_CINGR",0.0201804264941625,0.00473096714639282
"391","DTI.DTI.FA_ATRR",0.137008710994857,6.72508910548309e-83
"392","DTI.DTI.FA_CSTR",-0.0507385051148678,1.14236712830619e-12
"393","DTI.DTI.FA_CGR",-0.0321187656235294,6.87048690691998e-06
"394","DTI.DTI.FA_IFOFR",0.0493034216317742,4.36925013217501e-12
"395","DTI.DTI.FA_ILFR",-0.261342833762357,9.08193165979318e-308
"396","DTI.DTI.FA_SLFR",-0.0256050223592231,0.000337908160920669
"397","DTI.DTI.FA_UFR",0.0876624007577832,9.53694333385378e-35
"398","DTI.DTI.FA_SLTFR",0.247149953638251,9.2492365085104e-275
"399","DTI.DTI.FA_CorticospinaltractR",0.0132986699274706,0.062632055641098
"400","DTI.DTI.FA_MediallemniscusR",0.049628107003065,3.62014109649225e-12
"401","DTI.DTI.FA_InferiorcerebellarpeduncleR",0.0563868079462222,2.35553533204805e-15
"402","DTI.DTI.FA_SuperiorcerebellarpeduncleR",0.0113623461234663,0.111605136696375
"403","DTI.DTI.FA_CerebralpeduncleR",0.0221422621163132,0.00194293429084096
"404","DTI.DTI.FA_AnteriorlimbofinternalcapsuleR",0.173988817318637,3.04877242074811e-133
"405","DTI.DTI.FA_.PosteriorlimbofinternalcapsuleR",0.0122110923972861,0.0871235964703725
"406","DTI.DTI.FA_RetrolenticularpartofinternalcapsuleR",-0.0639528358752384,3.04025382501952e-19
"407","DTI.DTI.FA_AnteriorcoronaradiataR",0.176001290688031,2.3186152150206e-137
"408","DTI.DTI.FA_SuperiorcoronaradiataR",-0.00336946645755767,0.63717578874071
"409","DTI.DTI.FA_PosteriorcoronaradiataR",0.104929652936626,2.68865919468479e-49
"410","DTI.DTI.FA_PosteriorthalamicradiationR",-0.0027768770406283,0.696970720676164
"411","DTI.DTI.FA_SagittalstratumR",-0.0665026635185536,1.25105292864887e-20
"412","DTI.DTI.FA_ExternalcapsuleR",-0.0266799572295518,0.000186717720730732
"413","DTI.DTI.FA_CingulumcingulategyrusR",-0.102100825313165,2.94504155706465e-47
"414","DTI.DTI.FA_CingulumhippocampusR",0.0419058627313435,4.44831678416941e-09
"415","DTI.DTI.FA_Fornix_StriaterminalisR",-0.0799819108064212,3.63341496379947e-29
"416","DTI.DTI.FA_SuperiorlongitudinalfasciculusR",0.00123243247519719,0.863033684509066
"417","DTI.DTI.FA_SuperiorfrontooccipitalfasciculusR",0.143947019374163,1.35213003845525e-91
"418","DTI.DTI.FA_UncinatefasciculusR",0.0713599474521187,1.46374030632552e-23
"419","DTI.DTI.FA_TapetumR",-0.078473233513649,3.65942922353282e-28
"420","DTI.DTI.FA_CINGR",0.10200046647286,1.63712889810568e-46
"421","DTI.DTI.MD_ATRR",0.0149446824284529,0.0361407558801023
"422","DTI.DTI.MD_CSTR",-0.0186636843437804,0.00897101627527427
"423","DTI.DTI.MD_CGR",0.0795071606898766,4.789400605548e-29
"424","DTI.DTI.MD_IFOFR",-0.0941084196997083,9.44503179384197e-40
"425","DTI.DTI.MD_ILFR",0.0110234457657054,0.122689183732704
"426","DTI.DTI.MD_SLFR",-0.0291619444642959,4.45364481035435e-05
"427","DTI.DTI.MD_UFR",-0.0358708943286642,5.04583089656132e-07
"428","DTI.DTI.MD_SLTFR",-0.120173121628767,3.49859911397017e-64
"429","DTI.DTI.MD_CorticospinaltractR",0.00879899760818041,0.218093348661319
"430","DTI.DTI.MD_MediallemniscusR",0.013563784198741,0.0573396361638512
"431","DTI.DTI.MD_InferiorcerebellarpeduncleR",0.0909197618732671,1.67208704318221e-37
"432","DTI.DTI.MD_SuperiorcerebellarpeduncleR",0.00323266346019708,0.650520130197187
"433","DTI.DTI.MD_CerebralpeduncleR",-0.0181244367418586,0.0110261588170194
"434","DTI.DTI.MD_AnteriorlimbofinternalcapsuleR",0.0870119868775682,2.47290364368675e-34
"435","DTI.DTI.MD_.PosteriorlimbofinternalcapsuleR",-0.0182192988238003,0.0104139394920485
"436","DTI.DTI.MD_RetrolenticularpartofinternalcapsuleR",-0.0311224594808672,1.30714874171706e-05
"437","DTI.DTI.MD_AnteriorcoronaradiataR",0.0927435852721171,5.90202331802102e-39
"438","DTI.DTI.MD_SuperiorcoronaradiataR",0.0453921451843543,1.79359162648853e-10
"439","DTI.DTI.MD_PosteriorcoronaradiataR",-0.00414229926002199,0.561602434004252
"440","DTI.DTI.MD_PosteriorthalamicradiationR",0.0103548268220507,0.146835551894837
"441","DTI.DTI.MD_SagittalstratumR",-0.0909190351208633,2.33688943751991e-37
"442","DTI.DTI.MD_ExternalcapsuleR",-0.00774385487971113,0.277893370177403
"443","DTI.DTI.MD_CingulumcingulategyrusR",0.0114791722989564,0.106987167537115
"444","DTI.DTI.MD_CingulumhippocampusR",0.019906953398022,0.00532944010333975
"445","DTI.DTI.MD_Fornix_StriaterminalisR",-0.0871678439394971,1.84865109310176e-34
"446","DTI.DTI.MD_SuperiorlongitudinalfasciculusR",-0.0500350236377663,2.4504319540638e-12
"447","DTI.DTI.MD_SuperiorfrontooccipitalfasciculusR",0.149839318292981,2.82126212040112e-100
"448","DTI.DTI.MD_UncinatefasciculusR",0.00752064684998748,0.29257568596089
"449","DTI.DTI.MD_TapetumR",0.0226442386160398,0.00152069791629434
"450","DTI.DTI.MD_CINGR",-0.0176532601896258,0.0134609042782003
"451","DTI.DTI.RD_ATRR",0.0683839610125265,7.26069379731096e-22
"452","DTI.DTI.RD_CSTR",-0.0501781878183018,2.07886395841906e-12
"453","DTI.DTI.RD_CGR",0.00986825981277329,0.166569142780844
"454","DTI.DTI.RD_IFOFR",-0.0733014472180213,1.01264017515815e-24
"455","DTI.DTI.RD_ILFR",-0.146739672009663,1.14374486030946e-94
"456","DTI.DTI.RD_SLFR",-0.0390942529303329,4.4055520010806e-08
"457","DTI.DTI.RD_UFR",0.0179224553256492,0.0120784491212558
"458","DTI.DTI.RD_SLTFR",-0.00101695441094208,0.886831095180591
"459","DTI.DTI.RD_CorticospinaltractR",0.0134461608649931,0.0598519877095383
"460","DTI.DTI.RD_MediallemniscusR",0.0280313187062546,8.50758158456746e-05
"461","DTI.DTI.RD_InferiorcerebellarpeduncleR",0.0789114005176197,1.15265233704918e-28
"462","DTI.DTI.RD_SuperiorcerebellarpeduncleR",0.00706984564008069,0.321843779537746
"463","DTI.DTI.RD_CerebralpeduncleR",-0.0523419865468103,2.27913889840976e-13
"464","DTI.DTI.RD_AnteriorlimbofinternalcapsuleR",0.143621267345665,6.48659597509628e-91
"465","DTI.DTI.RD_.PosteriorlimbofinternalcapsuleR",-0.0250766250131763,0.000421320380402815
"466","DTI.DTI.RD_RetrolenticularpartofinternalcapsuleR",-0.0910667286796902,2.04930048142569e-37
"467","DTI.DTI.RD_AnteriorcoronaradiataR",0.131143837564658,1.57898658681509e-76
"468","DTI.DTI.RD_SuperiorcoronaradiataR",0.0232070001647204,0.00113898020475501
"469","DTI.DTI.RD_PosteriorcoronaradiataR",0.038942033979516,4.69826572206084e-08
"470","DTI.DTI.RD_PosteriorthalamicradiationR",-0.0213631846507576,0.0027606432881276
"471","DTI.DTI.RD_SagittalstratumR",-0.118385525676279,4.46925707101938e-62
"472","DTI.DTI.RD_ExternalcapsuleR",-0.0423107305721987,3.04711198778376e-09
"473","DTI.DTI.RD_CingulumcingulategyrusR",-0.106823216054124,2.69102525472097e-51
"474","DTI.DTI.RD_CingulumhippocampusR",0.0191316170604027,0.00737873006840718
"475","DTI.DTI.RD_Fornix_StriaterminalisR",-0.157960141513439,8.89268477521693e-110
"476","DTI.DTI.RD_SuperiorlongitudinalfasciculusR",-0.039475640437795,3.2680456204347e-08
"477","DTI.DTI.RD_SuperiorfrontooccipitalfasciculusR",0.23432620993513,1.52661301852015e-247
"478","DTI.DTI.RD_UncinatefasciculusR",0.055720719968767,5.7574666254513e-15
"479","DTI.DTI.RD_TapetumR",-0.053084022163799,1.06163206556959e-13
"480","DTI.DTI.RD_CINGR",0.00987595807606755,0.166544113630271
"481","DTI.DTI.AD_ATRR",-0.0559716038827752,4.13497600671819e-15
"482","DTI.DTI.AD_CSTR",0.022872558224123,0.00135713945081065
"483","DTI.DTI.AD_CGR",0.0564787640335985,1.97876328329546e-15
"484","DTI.DTI.AD_IFOFR",-0.0542311205096153,2.5550677304781e-14
"485","DTI.DTI.AD_ILFR",0.0731287073896142,2.73699890622701e-25
"486","DTI.DTI.AD_SLFR",-0.00511820335681081,0.473651653228948
"487","DTI.DTI.AD_UFR",-0.0777095752631,9.20810543801123e-28
"488","DTI.DTI.AD_SLTFR",-0.0713084019743509,5.20916831271323e-24
"489","DTI.DTI.AD_CorticospinaltractR",-0.00444580920931904,0.533744952201573
"490","DTI.DTI.AD_MediallemniscusR",0.00239818302420714,0.737090792378187
"491","DTI.DTI.AD_InferiorcerebellarpeduncleR",0.0627549621692325,1.28848910829772e-18
"492","DTI.DTI.AD_SuperiorcerebellarpeduncleR",0.00689273491816529,0.334543889727519
"493","DTI.DTI.AD_CerebralpeduncleR",0.052755153742774,1.27949676922804e-13
"494","DTI.DTI.AD_AnteriorlimbofinternalcapsuleR",-0.0158717123034984,0.0259043617042873
"495","DTI.DTI.AD_.PosteriorlimbofinternalcapsuleR",0.0222080148616734,0.00187788499099769
"496","DTI.DTI.AD_RetrolenticularpartofinternalcapsuleR",0.0438353338647781,8.34514957810678e-10
"497","DTI.DTI.AD_AnteriorcoronaradiataR",0.00163504938328567,0.81882116143699
"498","DTI.DTI.AD_SuperiorcoronaradiataR",0.0772741917959984,1.44351060783111e-27
"499","DTI.DTI.AD_PosteriorcoronaradiataR",-0.0599853345161818,4.15569856906252e-17
"500","DTI.DTI.AD_PosteriorthalamicradiationR",0.0412140587983337,7.88044118977334e-09
"501","DTI.DTI.AD_SagittalstratumR",-0.0293485159919931,3.88992118148448e-05
"502","DTI.DTI.AD_ExternalcapsuleR",0.0359619941045574,4.67352195449438e-07
"503","DTI.DTI.AD_CingulumcingulategyrusR",0.0203806760513646,0.00417548387492578
"504","DTI.DTI.AD_CingulumhippocampusR",0.0295165646708386,3.58260476815803e-05
"505","DTI.DTI.AD_Fornix_StriaterminalisR",0.066621973866856,7.48368773839163e-21
"506","DTI.DTI.AD_SuperiorlongitudinalfasciculusR",-0.0402470846247154,1.74105915793354e-08
"507","DTI.DTI.AD_SuperiorfrontooccipitalfasciculusR",-0.123811225975964,5.57736265587994e-68
"508","DTI.DTI.AD_UncinatefasciculusR",-0.00773554740983775,0.278651693316646
"509","DTI.DTI.AD_TapetumR",0.133257770481325,1.34854764443938e-78
"510","DTI.DTI.AD_CINGR",-0.0136676224462312,0.0553088454200141
"511","SMT.SMT.smt_fa_ATRR",0.0154473585751622,0.0306123635459575
"512","SMT.SMT.smt_fa_CSTR",-0.0110699154182497,0.121345442027808
"513","SMT.SMT.smt_fa_CGR",0.0118667347119374,0.0967633730239365
"514","SMT.SMT.smt_fa_IFOFR",0.053140706055656,9.67987055719453e-14
"515","SMT.SMT.smt_fa_ILFR",0.00796091925381794,0.265280174451332
"516","SMT.SMT.smt_fa_SLFR",0.0267393558509793,0.000181197226237576
"517","SMT.SMT.smt_fa_UFR",-0.0189405815612696,0.00801777792746804
"518","SMT.SMT.smt_fa_SLTFR",0.0641284001755683,2.41095893457556e-19
"519","SMT.SMT.smt_fa_CorticospinaltractR",0.00161072055664271,0.821626446506978
"520","SMT.SMT.smt_fa_MediallemniscusR",0.000422333543828843,0.952873842969093
"521","SMT.SMT.smt_fa_InferiorcerebellarpeduncleR",0.0358328859543932,5.20719699744459e-07
"522","SMT.SMT.smt_fa_SuperiorcerebellarpeduncleR",-0.0081598762133241,0.253427364329189
"523","SMT.SMT.smt_fa_CerebralpeduncleR",-0.0210719778228126,0.0031819442994131
"524","SMT.SMT.smt_fa_AnteriorlimbofinternalcapsuleR",0.0181143827641109,0.0111612812131403
"525","SMT.SMT.smt_fa_.PosteriorlimbofinternalcapsuleR",-0.0217267671565114,0.00235554953274131
"526","SMT.SMT.smt_fa_RetrolenticularpartofinternalcapsuleR",-0.00471170044292698,0.509711781885765
"527","SMT.SMT.smt_fa_AnteriorcoronaradiataR",0.0311593248395782,1.29095713683378e-05
"528","SMT.SMT.smt_fa_SuperiorcoronaradiataR",0.0236663429543222,0.000923048571763066
"529","SMT.SMT.smt_fa_PosteriorcoronaradiataR",0.0512465748371072,6.85751011676969e-13
"530","SMT.SMT.smt_fa_PosteriorthalamicradiationR",0.0626967736376804,1.45786265943892e-18
"531","SMT.SMT.smt_fa_SagittalstratumR",0.0339142764399707,2.04691288294618e-06
"532","SMT.SMT.smt_fa_ExternalcapsuleR",0.0123744157291042,0.0832437111530458
"533","SMT.SMT.smt_fa_CingulumcingulategyrusR",0.00443904862435569,0.534249204616835
"534","SMT.SMT.smt_fa_CingulumhippocampusR",0.0746253602146899,1.36394447115985e-25
"535","SMT.SMT.smt_fa_Fornix_StriaterminalisR",-0.00967063372381784,0.176009080446932
"536","SMT.SMT.smt_fa_SuperiorlongitudinalfasciculusR",0.0257237963926046,0.000318083264406318
"537","SMT.SMT.smt_fa_SuperiorfrontooccipitalfasciculusR",0.043674986053936,9.466827828713e-10
"538","SMT.SMT.smt_fa_UncinatefasciculusR",0.0563153344050205,2.83709477923002e-15
"539","SMT.SMT.smt_fa_TapetumR",0.0625016899226685,1.78701507964149e-18
"540","SMT.SMT.smt_fa_CINGR",0.144386299962799,6.21084926592761e-92
"541","SMT.SMT.smt_long_ATRR",0.0368883356315279,2.29225346516593e-07
"542","SMT.SMT.smt_long_CSTR",0.00627595525914829,0.379387257830973
"543","SMT.SMT.smt_long_CGR",0.0168508298213695,0.0178055596872598
"544","SMT.SMT.smt_long_IFOFR",-0.132205638479298,2.39466014324239e-77
"545","SMT.SMT.smt_long_ILFR",-0.0140006140885716,0.0500883143566486
"546","SMT.SMT.smt_long_SLFR",-0.0511076299833085,7.73605394471864e-13
"547","SMT.SMT.smt_long_UFR",0.0242075134584601,0.0006966285043458
"548","SMT.SMT.smt_long_SLTFR",-0.139165471898864,6.10729281485873e-86
"549","SMT.SMT.smt_long_CorticospinaltractR",-0.00112654167467602,0.874686892351991
"550","SMT.SMT.smt_long_MediallemniscusR",-0.00843447087532879,0.236629297056212
"551","SMT.SMT.smt_long_InferiorcerebellarpeduncleR",0.0379009557887245,1.05787857840405e-07
"552","SMT.SMT.smt_long_SuperiorcerebellarpeduncleR",0.0156039506619861,0.028549817521657
"553","SMT.SMT.smt_long_CerebralpeduncleR",0.0123422493548917,0.0841027537081236
"554","SMT.SMT.smt_long_AnteriorlimbofinternalcapsuleR",0.0608476006445361,1.38749455443873e-17
"555","SMT.SMT.smt_long_.PosteriorlimbofinternalcapsuleR",0.0270147027332963,0.000154551606379888
"556","SMT.SMT.smt_long_RetrolenticularpartofinternalcapsuleR",-0.0123579746823302,0.0834544038823909
"557","SMT.SMT.smt_long_AnteriorcoronaradiataR",0.0574553150918275,6.2684960455354e-16
"558","SMT.SMT.smt_long_SuperiorcoronaradiataR",0.0169595121536307,0.0172297776287015
"559","SMT.SMT.smt_long_PosteriorcoronaradiataR",-0.114062382088291,4.94752559313144e-58
"560","SMT.SMT.smt_long_PosteriorthalamicradiationR",-0.138051180167256,2.19974411233944e-84
"561","SMT.SMT.smt_long_SagittalstratumR",-0.100337223002678,6.15064582700227e-46
"562","SMT.SMT.smt_long_ExternalcapsuleR",-0.0560853767582231,3.35172027428202e-15
"563","SMT.SMT.smt_long_CingulumcingulategyrusR",0.00863374422815415,0.224513350155575
"564","SMT.SMT.smt_long_CingulumhippocampusR",0.040852073420127,1.05174530953032e-08
"565","SMT.SMT.smt_long_Fornix_StriaterminalisR",-0.00717397427381822,0.314041657352448
"566","SMT.SMT.smt_long_SuperiorlongitudinalfasciculusR",-0.0901903346848447,1.05208857941788e-36
"567","SMT.SMT.smt_long_SuperiorfrontooccipitalfasciculusR",0.0444423925373702,4.63957394828761e-10
"568","SMT.SMT.smt_long_UncinatefasciculusR",-0.00382564776249267,0.591891133026393
"569","SMT.SMT.smt_long_TapetumR",-0.210730363168785,8.49346093037528e-198
"570","SMT.SMT.smt_long_CINGR",-0.0214236628611728,0.00255021433515539
"571","SMT.SMT.smt_md_ATRR",0.0379552127311719,1.02124094013272e-07
"572","SMT.SMT.smt_md_CSTR",-0.0118173502675494,0.0981293976930169
"573","SMT.SMT.smt_md_CGR",0.0318940621822836,7.50892225964622e-06
"574","SMT.SMT.smt_md_IFOFR",-0.12710893134331,1.86551330677119e-71
"575","SMT.SMT.smt_md_ILFR",-0.0266655007390218,0.000190189338605904
"576","SMT.SMT.smt_md_SLFR",-0.0478937502181911,1.96746735133309e-11
"577","SMT.SMT.smt_md_UFR",-0.0196035612559012,0.00604198754478267
"578","SMT.SMT.smt_md_SLTFR",-0.139682435713128,1.80579337734074e-86
"579","SMT.SMT.smt_md_CorticospinaltractR",-5.55148226870174e-05,0.993796011721763
"580","SMT.SMT.smt_md_MediallemniscusR",-0.00233032425393884,0.743765584311001
"581","SMT.SMT.smt_md_InferiorcerebellarpeduncleR",0.0507297518226711,1.02653139313078e-12
"582","SMT.SMT.smt_md_SuperiorcerebellarpeduncleR",0.0143262541899197,0.0442073862280596
"583","SMT.SMT.smt_md_CerebralpeduncleR",0.0073576498217362,0.302935515572649
"584","SMT.SMT.smt_md_AnteriorlimbofinternalcapsuleR",0.0805721502322882,1.18814484420036e-29
"585","SMT.SMT.smt_md_.PosteriorlimbofinternalcapsuleR",0.0179881691313831,0.0117105256515856
"586","SMT.SMT.smt_md_RetrolenticularpartofinternalcapsuleR",-0.0314243339477376,1.0671546935006e-05
"587","SMT.SMT.smt_md_AnteriorcoronaradiataR",0.0774054274579546,1.4248265786326e-27
"588","SMT.SMT.smt_md_SuperiorcoronaradiataR",0.0309652660888605,1.3950043271746e-05
"589","SMT.SMT.smt_md_PosteriorcoronaradiataR",-0.0625673019825817,1.73260380913968e-18
"590","SMT.SMT.smt_md_PosteriorthalamicradiationR",-0.0841840405890749,3.48338172307085e-32
"591","SMT.SMT.smt_md_SagittalstratumR",-0.119422281462796,5.60268326085377e-64
"592","SMT.SMT.smt_md_ExternalcapsuleR",-0.0419186125428951,4.08028473692787e-09
"593","SMT.SMT.smt_md_CingulumcingulategyrusR",-0.00075505705713621,0.915541567974785
"594","SMT.SMT.smt_md_CingulumhippocampusR",0.0171069362512522,0.0166208756421386
"595","SMT.SMT.smt_md_Fornix_StriaterminalisR",-0.0516391336286412,4.03307455001442e-13
"596","SMT.SMT.smt_md_SuperiorlongitudinalfasciculusR",-0.0801161535623919,2.89514102945066e-29
"597","SMT.SMT.smt_md_SuperiorfrontooccipitalfasciculusR",0.126103922215634,6.7004599564576e-71
"598","SMT.SMT.smt_md_UncinatefasciculusR",-0.0201585229492565,0.00475819498476728
"599","SMT.SMT.smt_md_TapetumR",-0.0794036600117197,9.24913542167466e-29
"600","SMT.SMT.smt_md_CINGR",-0.0417024215542734,5.00502219926756e-09
"601","SMT.SMT.smt_trans_ATRR",0.0132014038988289,0.0645730696746309
"602","SMT.SMT.smt_trans_CSTR",-0.073965854147031,3.06545082930736e-25
"603","SMT.SMT.smt_trans_CGR",0.0188364886065853,0.00837413268196234
"604","SMT.SMT.smt_trans_IFOFR",0.042752613043005,2.11141720914417e-09
"605","SMT.SMT.smt_trans_ILFR",-0.0248333967893835,0.000509676418470661
"606","SMT.SMT.smt_trans_SLFR",0.0212246364844461,0.00295454144228522
"607","SMT.SMT.smt_trans_UFR",-0.0994807747259766,1.67216938617835e-44
"608","SMT.SMT.smt_trans_SLTFR",0.130494568351966,1.48508393746902e-75
"609","SMT.SMT.smt_trans_CorticospinaltractR",2.33270605404746e-05,0.99739212326238
"610","SMT.SMT.smt_trans_MediallemniscusR",0.00298052976757071,0.676504653031052
"611","SMT.SMT.smt_trans_InferiorcerebellarpeduncleR",0.0789495457249396,1.37137509678823e-28
"612","SMT.SMT.smt_trans_SuperiorcerebellarpeduncleR",-0.012885403359466,0.0709427017783326
"613","SMT.SMT.smt_trans_CerebralpeduncleR",-0.132136919181394,6.19339355544745e-79
"614","SMT.SMT.smt_trans_AnteriorlimbofinternalcapsuleR",0.0526855037630361,1.61072395375425e-13
"615","SMT.SMT.smt_trans_.PosteriorlimbofinternalcapsuleR",-0.127402199833279,6.67474552239525e-72
"616","SMT.SMT.smt_trans_RetrolenticularpartofinternalcapsuleR",-0.0501864928644989,2.11294483105949e-12
"617","SMT.SMT.smt_trans_AnteriorcoronaradiataR",0.0426023936794632,2.41779533900611e-09
"618","SMT.SMT.smt_trans_SuperiorcoronaradiataR",0.025109148114424,0.000425077506909126
"619","SMT.SMT.smt_trans_PosteriorcoronaradiataR",0.0283506579212921,7.0698278734874e-05
"620","SMT.SMT.smt_trans_PosteriorthalamicradiationR",0.0596465137183921,5.76562523110456e-17
"621","SMT.SMT.smt_trans_SagittalstratumR",-0.00447849240979907,0.530708778140737
"622","SMT.SMT.smt_trans_ExternalcapsuleR",0.0785625860313819,3.35327970055251e-28
"623","SMT.SMT.smt_trans_CingulumcingulategyrusR",-0.0349445214592679,9.31726413209583e-07
"624","SMT.SMT.smt_trans_CingulumhippocampusR",0.085144812092274,8.34464445985369e-33
"625","SMT.SMT.smt_trans_Fornix_StriaterminalisR",-0.0929084049432224,7.33159389852011e-39
"626","SMT.SMT.smt_trans_SuperiorlongitudinalfasciculusR",0.00522738939432774,0.464290953803934
"627","SMT.SMT.smt_trans_SuperiorfrontooccipitalfasciculusR",0.137501634132722,6.17977115031484e-84
"628","SMT.SMT.smt_trans_UncinatefasciculusR",0.111888467276401,8.4293185088854e-56
"629","SMT.SMT.smt_trans_TapetumR",-0.0186895137235525,0.00889009198814663
"630","SMT.SMT.smt_trans_CINGR",0.13796437344616,3.21823400986844e-84
"631","SMT_mc.SMT_mc.smt_mc_intra_ATRR",0.0381375748975765,9.33101825228168e-08
"632","SMT_mc.SMT_mc.smt_mc_intra_CSTR",-0.051408435414627,5.86070294405432e-13
"633","SMT_mc.SMT_mc.smt_mc_intra_CGR",0.0128742618380747,0.0715914173096295
"634","SMT_mc.SMT_mc.smt_mc_intra_IFOFR",0.0697333582564837,1.42610881221638e-22
"635","SMT_mc.SMT_mc.smt_mc_intra_ILFR",-0.0108482400028994,0.129005328248763
"636","SMT_mc.SMT_mc.smt_mc_intra_SLFR",0.0450136295145504,2.81121061502572e-10
"637","SMT_mc.SMT_mc.smt_mc_intra_UFR",-0.0867676379457434,3.40031697818548e-34
"638","SMT_mc.SMT_mc.smt_mc_intra_SLTFR",0.137467984632809,7.30545731588995e-84
"639","SMT_mc.SMT_mc.smt_mc_intra_CorticospinaltractR",0.00182119254909964,0.798663489715735
"640","SMT_mc.SMT_mc.smt_mc_intra_MediallemniscusR",-0.0117354873246507,0.100076815306224
"641","SMT_mc.SMT_mc.smt_mc_intra_InferiorcerebellarpeduncleR",0.0445419105443518,4.29726929379237e-10
"642","SMT_mc.SMT_mc.smt_mc_intra_SuperiorcerebellarpeduncleR",-0.00949514563503688,0.183903290951723
"643","SMT_mc.SMT_mc.smt_mc_intra_CerebralpeduncleR",-0.104389167809626,3.20438121301392e-49
"644","SMT_mc.SMT_mc.smt_mc_intra_AnteriorlimbofinternalcapsuleR",0.0365757672208255,3.05363116143469e-07
"645","SMT_mc.SMT_mc.smt_mc_intra_.PosteriorlimbofinternalcapsuleR",-0.0865325727861921,6.09805077130167e-34
"646","SMT_mc.SMT_mc.smt_mc_intra_RetrolenticularpartofinternalcapsuleR",-0.0308028787696901,1.62144009167005e-05
"647","SMT_mc.SMT_mc.smt_mc_intra_AnteriorcoronaradiataR",0.0603994711983849,2.60882946827069e-17
"648","SMT_mc.SMT_mc.smt_mc_intra_SuperiorcoronaradiataR",0.0413236624651329,6.59179047935854e-09
"649","SMT_mc.SMT_mc.smt_mc_intra_PosteriorcoronaradiataR",0.0320171956384584,7.24310131841022e-06
"650","SMT_mc.SMT_mc.smt_mc_intra_PosteriorthalamicradiationR",0.0516733696664964,4.33866587891878e-13
"651","SMT_mc.SMT_mc.smt_mc_intra_SagittalstratumR",0.0279930439159354,8.83112286114311e-05
"652","SMT_mc.SMT_mc.smt_mc_intra_ExternalcapsuleR",0.0740873053876077,2.90436827945018e-25
"653","SMT_mc.SMT_mc.smt_mc_intra_CingulumcingulategyrusR",-0.0058885011374248,0.409253136571431
"654","SMT_mc.SMT_mc.smt_mc_intra_CingulumhippocampusR",0.114565903451359,4.11510817954424e-58
"655","SMT_mc.SMT_mc.smt_mc_intra_Fornix_StriaterminalisR",-0.0137252526319805,0.0546461112736095
"656","SMT_mc.SMT_mc.smt_mc_intra_SuperiorlongitudinalfasciculusR",0.0323502097320512,5.91797195493103e-06
"657","SMT_mc.SMT_mc.smt_mc_intra_SuperiorfrontooccipitalfasciculusR",0.131018580979558,2.94547292218178e-76
"658","SMT_mc.SMT_mc.smt_mc_intra_UncinatefasciculusR",0.112029951818364,5.4111154197024e-56
"659","SMT_mc.SMT_mc.smt_mc_intra_TapetumR",0.008312162550098,0.244372973688843
"660","SMT_mc.SMT_mc.smt_mc_intra_CINGR",0.171553608961434,9.78313083613851e-130
"661","SMT_mc.SMT_mc.smt_mc_extramd_ATRR",0.0296277892492488,3.29155632884838e-05
"662","SMT_mc.SMT_mc.smt_mc_extramd_CSTR",-0.0206029002879079,0.00392438029119689
"663","SMT_mc.SMT_mc.smt_mc_extramd_CGR",0.0631048411260646,7.24320326545438e-19
"664","SMT_mc.SMT_mc.smt_mc_extramd_IFOFR",-0.115272129259555,5.39360810480528e-59
"665","SMT_mc.SMT_mc.smt_mc_extramd_ILFR",0.00592128680082822,0.40713993023375
"666","SMT_mc.SMT_mc.smt_mc_extramd_SLFR",-0.0373522633113087,1.68350681560051e-07
"667","SMT_mc.SMT_mc.smt_mc_extramd_UFR",0.0359535783364206,4.72736022947146e-07
"668","SMT_mc.SMT_mc.smt_mc_extramd_SLTFR",-0.13080176984392,5.48986755556974e-76
"669","SMT_mc.SMT_mc.smt_mc_extramd_CorticospinaltractR",0.00936632173227227,0.189860381146757
"670","SMT_mc.SMT_mc.smt_mc_extramd_MediallemniscusR",0.00768458451635269,0.281421237142395
"671","SMT_mc.SMT_mc.smt_mc_extramd_InferiorcerebellarpeduncleR",0.0731429443575542,9.32216336041297e-25
"672","SMT_mc.SMT_mc.smt_mc_extramd_SuperiorcerebellarpeduncleR",0.016581364659765,0.0199450981641086
"673","SMT_mc.SMT_mc.smt_mc_extramd_CerebralpeduncleR",-0.0530692626937667,8.4350240660744e-14
"674","SMT_mc.SMT_mc.smt_mc_extramd_AnteriorlimbofinternalcapsuleR",0.07232699905002,3.52555748009291e-24
"675","SMT_mc.SMT_mc.smt_mc_extramd_.PosteriorlimbofinternalcapsuleR",-0.0278026453874718,9.58184105355608e-05
"676","SMT_mc.SMT_mc.smt_mc_extramd_RetrolenticularpartofinternalcapsuleR",-0.0104831187406244,0.142153251030234
"677","SMT_mc.SMT_mc.smt_mc_extramd_AnteriorcoronaradiataR",0.0811107892197287,3.22559238830511e-30
"678","SMT_mc.SMT_mc.smt_mc_extramd_SuperiorcoronaradiataR",0.0309387689103248,1.43310027905099e-05
"679","SMT_mc.SMT_mc.smt_mc_extramd_PosteriorcoronaradiataR",-0.0347031216440838,1.16046377512898e-06
"680","SMT_mc.SMT_mc.smt_mc_extramd_PosteriorthalamicradiationR",-0.0603000567800295,3.00744177403951e-17
"681","SMT_mc.SMT_mc.smt_mc_extramd_SagittalstratumR",-0.0945888755709322,1.40972933892624e-40
"682","SMT_mc.SMT_mc.smt_mc_extramd_ExternalcapsuleR",-0.0270916038922282,0.000145118282895511
"683","SMT_mc.SMT_mc.smt_mc_extramd_CingulumcingulategyrusR",0.010647761264584,0.134954854876793
"684","SMT_mc.SMT_mc.smt_mc_extramd_CingulumhippocampusR",0.0346418135365734,1.22621123201646e-06
"685","SMT_mc.SMT_mc.smt_mc_extramd_Fornix_StriaterminalisR",-0.0669371650404611,5.4986354768586e-21
"686","SMT_mc.SMT_mc.smt_mc_extramd_SuperiorlongitudinalfasciculusR",-0.0688466437555122,5.12061193069994e-22
"687","SMT_mc.SMT_mc.smt_mc_extramd_SuperiorfrontooccipitalfasciculusR",0.130803227437292,3.30407160817987e-76
"688","SMT_mc.SMT_mc.smt_mc_extramd_UncinatefasciculusR",-0.000198002392893889,0.977871764728871
"689","SMT_mc.SMT_mc.smt_mc_extramd_TapetumR",-0.0205911459980449,0.00395572934697128
"690","SMT_mc.SMT_mc.smt_mc_extramd_CINGR",-0.0415588492193021,5.70924578924783e-09
"691","SMT_mc.SMT_mc.smt_mc_extratrans_ATRR",0.0333396247316649,3.03070633344889e-06
"692","SMT_mc.SMT_mc.smt_mc_extratrans_CSTR",-0.0795179595139236,5.44723033839412e-29
"693","SMT_mc.SMT_mc.smt_mc_extratrans_CGR",0.0331616038764979,3.43187561071833e-06
"694","SMT_mc.SMT_mc.smt_mc_extratrans_IFOFR",-0.0608030434135734,1.65248754316525e-17
"695","SMT_mc.SMT_mc.smt_mc_extratrans_ILFR",-0.0305839859302781,1.8659063053509e-05
"696","SMT_mc.SMT_mc.smt_mc_extratrans_SLFR",-0.0123685535004336,0.0833930666074026
"697","SMT_mc.SMT_mc.smt_mc_extratrans_UFR",-0.0773543278450889,1.77800058601487e-27
"698","SMT_mc.SMT_mc.smt_mc_extratrans_SLTFR",-0.0241832153141647,0.000712409853724208
"699","SMT_mc.SMT_mc.smt_mc_extratrans_CorticospinaltractR",0.00794680923953164,0.264463202993541
"700","SMT_mc.SMT_mc.smt_mc_extratrans_MediallemniscusR",0.0169260791760914,0.0178353620980203
"701","SMT_mc.SMT_mc.smt_mc_extratrans_InferiorcerebellarpeduncleR",0.0754759838743573,3.36028784563922e-26
"702","SMT_mc.SMT_mc.smt_mc_extratrans_SuperiorcerebellarpeduncleR",0.0019854780401746,0.780482581000602
"703","SMT_mc.SMT_mc.smt_mc_extratrans_CerebralpeduncleR",-0.160977924331104,1.7818647101776e-117
"704","SMT_mc.SMT_mc.smt_mc_extratrans_AnteriorlimbofinternalcapsuleR",0.023354885887681,0.00107570681602188
"705","SMT_mc.SMT_mc.smt_mc_extratrans_.PosteriorlimbofinternalcapsuleR",-0.130311211931595,3.04410218847525e-75
"706","SMT_mc.SMT_mc.smt_mc_extratrans_RetrolenticularpartofinternalcapsuleR",-0.0560419006776811,4.12020351216587e-15
"707","SMT_mc.SMT_mc.smt_mc_extratrans_AnteriorcoronaradiataR",0.0550281181407303,1.22917383709075e-14
"708","SMT_mc.SMT_mc.smt_mc_extratrans_SuperiorcoronaradiataR",0.0180664120825101,0.011282451459077
"709","SMT_mc.SMT_mc.smt_mc_extratrans_PosteriorcoronaradiataR",-0.0193931547007676,0.0065993970468513
"710","SMT_mc.SMT_mc.smt_mc_extratrans_PosteriorthalamicradiationR",0.000983128347189162,0.890511252771285
"711","SMT_mc.SMT_mc.smt_mc_extratrans_SagittalstratumR",-0.0955507535029345,5.38457116362748e-41
"712","SMT_mc.SMT_mc.smt_mc_extratrans_ExternalcapsuleR",0.0022345512257957,0.754451620167199
"713","SMT_mc.SMT_mc.smt_mc_extratrans_CingulumcingulategyrusR",-0.0309205071611936,1.46758206357548e-05
"714","SMT_mc.SMT_mc.smt_mc_extratrans_CingulumhippocampusR",0.0207310264655888,0.00371214082123251
"715","SMT_mc.SMT_mc.smt_mc_extratrans_Fornix_StriaterminalisR",-0.104899851852973,3.41648768006755e-49
"716","SMT_mc.SMT_mc.smt_mc_extratrans_SuperiorlongitudinalfasciculusR",-0.0314318235088931,1.07305739593433e-05
"717","SMT_mc.SMT_mc.smt_mc_extratrans_SuperiorfrontooccipitalfasciculusR",0.187616601268704,4.4375484954937e-157
"718","SMT_mc.SMT_mc.smt_mc_extratrans_UncinatefasciculusR",0.0154456493512668,0.0306674545123927
"719","SMT_mc.SMT_mc.smt_mc_extratrans_TapetumR",-0.0485055780250436,1.09926757677278e-11
"720","SMT_mc.SMT_mc.smt_mc_extratrans_CINGR",0.0389420425933676,4.83664587643776e-08
"721","SMT_mc.SMT_mc.smt_mc_diff_ATRR",0.022890009517103,0.0013357347668215
"722","SMT_mc.SMT_mc.smt_mc_diff_CSTR",0.0186873627971831,0.00870807403377715
"723","SMT_mc.SMT_mc.smt_mc_diff_CGR",0.00987243210086692,0.165787433550782
"724","SMT_mc.SMT_mc.smt_mc_diff_IFOFR",-0.000920675868273172,0.897444503054272
"725","SMT_mc.SMT_mc.smt_mc_diff_ILFR",0.0240124280777732,0.000764729854134477
"726","SMT_mc.SMT_mc.smt_mc_diff_SLFR",0.00654134063293325,0.35895320942221
"727","SMT_mc.SMT_mc.smt_mc_diff_UFR",0.0256348852317188,0.000319481468308629
"728","SMT_mc.SMT_mc.smt_mc_diff_SLTFR",-0.00685258882514311,0.336259518296171
"729","SMT_mc.SMT_mc.smt_mc_diff_CorticospinaltractR",-0.00665678167680491,0.351424478625402
"730","SMT_mc.SMT_mc.smt_mc_diff_MediallemniscusR",-0.0093195654282808,0.19054578039606
"731","SMT_mc.SMT_mc.smt_mc_diff_InferiorcerebellarpeduncleR",0.0398364507798112,2.28515860891477e-08
"732","SMT_mc.SMT_mc.smt_mc_diff_SuperiorcerebellarpeduncleR",0.015078628050146,0.0343728804117237
"733","SMT_mc.SMT_mc.smt_mc_diff_CerebralpeduncleR",0.0128516724486372,0.0719386417850508
"734","SMT_mc.SMT_mc.smt_mc_diff_AnteriorlimbofinternalcapsuleR",0.059914499343292,4.41873162145315e-17
"735","SMT_mc.SMT_mc.smt_mc_diff_.PosteriorlimbofinternalcapsuleR",0.0260393669370968,0.000262838117940115
"736","SMT_mc.SMT_mc.smt_mc_diff_RetrolenticularpartofinternalcapsuleR",0.0360323254036139,4.54362207895209e-07
"737","SMT_mc.SMT_mc.smt_mc_diff_AnteriorcoronaradiataR",0.00976222720346109,0.16971432047829
"738","SMT_mc.SMT_mc.smt_mc_diff_SuperiorcoronaradiataR",0.00952050163244966,0.18081905827892
"739","SMT_mc.SMT_mc.smt_mc_diff_PosteriorcoronaradiataR",-0.00980568221197998,0.169405213550961
"740","SMT_mc.SMT_mc.smt_mc_diff_PosteriorthalamicradiationR",-0.0259594770083061,0.000279954822111002
"741","SMT_mc.SMT_mc.smt_mc_diff_SagittalstratumR",0.0113441113149661,0.111322578019311
"742","SMT_mc.SMT_mc.smt_mc_diff_ExternalcapsuleR",-0.0140153808652565,0.0492466344703332
"743","SMT_mc.SMT_mc.smt_mc_diff_CingulumcingulategyrusR",0.0133521878574687,0.0608238688571659
"744","SMT_mc.SMT_mc.smt_mc_diff_CingulumhippocampusR",0.0638213244213252,3.83019856280676e-19
"745","SMT_mc.SMT_mc.smt_mc_diff_Fornix_StriaterminalisR",0.0138137648987028,0.053017451458747
"746","SMT_mc.SMT_mc.smt_mc_diff_SuperiorlongitudinalfasciculusR",-0.0081119934017943,0.255143829455059
"747","SMT_mc.SMT_mc.smt_mc_diff_SuperiorfrontooccipitalfasciculusR",-0.0550736527795453,1.13288418564531e-14
"748","SMT_mc.SMT_mc.smt_mc_diff_UncinatefasciculusR",0.0389844005315281,4.56165917851017e-08
"749","SMT_mc.SMT_mc.smt_mc_diff_TapetumR",0.00469431630828336,0.5103144153843
"750","SMT_mc.SMT_mc.smt_mc_diff_CINGR",0.0167744391074137,0.0181461791806324
"751","WMTI.WMTI.axEAD_ATRR",-0.0144099088689867,0.0423290543890568
"752","WMTI.WMTI.axEAD_CSTR",0.00915201691639319,0.199502028949336
"753","WMTI.WMTI.axEAD_CGR",0.00495491514275117,0.486342005067209
"754","WMTI.WMTI.axEAD_IFOFR",0.0154832667484801,0.0298851326161366
"755","WMTI.WMTI.axEAD_ILFR",0.0050296948319135,0.47592662706884
"756","WMTI.WMTI.axEAD_SLFR",0.00647157924897442,0.364883899479076
"757","WMTI.WMTI.axEAD_UFR",-0.00788719037392956,0.269344287570737
"758","WMTI.WMTI.axEAD_SLTFR",-0.00202575653981107,0.774093459604304
"759","WMTI.WMTI.axEAD_CorticospinaltractR",-0.00971629903518488,0.173791947153846
"760","WMTI.WMTI.axEAD_MediallemniscusR",0.000793066012356766,0.911596934273508
"761","WMTI.WMTI.axEAD_InferiorcerebellarpeduncleR",0.0530669508601926,4.55716103641506e-14
"762","WMTI.WMTI.axEAD_SuperiorcerebellarpeduncleR",-0.0012568812845015,0.860305935336985
"763","WMTI.WMTI.axEAD_CerebralpeduncleR",0.0612785092453306,8.72351815281617e-18
"764","WMTI.WMTI.axEAD_AnteriorlimbofinternalcapsuleR",0.0119299922636025,0.0940601511183607
"765","WMTI.WMTI.axEAD_.PosteriorlimbofinternalcapsuleR",0.0315996892339526,9.68113014856139e-06
"766","WMTI.WMTI.axEAD_RetrolenticularpartofinternalcapsuleR",0.035484937259911,6.71702780852219e-07
"767","WMTI.WMTI.axEAD_AnteriorcoronaradiataR",0.012074634577986,0.0902908821796087
"768","WMTI.WMTI.axEAD_SuperiorcoronaradiataR",0.0609366816799468,1.07396430212315e-17
"769","WMTI.WMTI.axEAD_PosteriorcoronaradiataR",-0.0513985753635588,5.96653899311456e-13
"770","WMTI.WMTI.axEAD_PosteriorthalamicradiationR",0.028815765566964,5.47500495248946e-05
"771","WMTI.WMTI.axEAD_SagittalstratumR",0.00524468676092165,0.462538331620622
"772","WMTI.WMTI.axEAD_ExternalcapsuleR",0.0230974783646569,0.00121278280461513
"773","WMTI.WMTI.axEAD_CingulumcingulategyrusR",-0.0287563615579142,4.9553435172294e-05
"774","WMTI.WMTI.axEAD_CingulumhippocampusR",0.0328231135529678,4.32430857602126e-06
"775","WMTI.WMTI.axEAD_Fornix_StriaterminalisR",0.0739821536510091,2.41921576184014e-25
"776","WMTI.WMTI.axEAD_SuperiorlongitudinalfasciculusR",-0.00690033907298161,0.334032241263214
"777","WMTI.WMTI.axEAD_SuperiorfrontooccipitalfasciculusR",-0.160445542420442,4.70988618520967e-114
"778","WMTI.WMTI.axEAD_UncinatefasciculusR",0.00809616514100419,0.256801413267316
"779","WMTI.WMTI.axEAD_TapetumR",0.1475079458539,5.81844217235301e-96
"780","WMTI.WMTI.axEAD_CINGR",-5.93823737724399e-05,0.993344705054966
"781","WMTI.WMTI.awf_ATRR",0.0558365520847255,5.09685228238573e-15
"782","WMTI.WMTI.awf_CSTR",-0.0574299440130529,7.61573435441891e-16
"783","WMTI.WMTI.awf_CGR",-0.00443219107611328,0.535084222830258
"784","WMTI.WMTI.awf_IFOFR",0.0234933567076309,0.000999667257290228
"785","WMTI.WMTI.awf_ILFR",-0.093302045635127,3.93351982803931e-39
"786","WMTI.WMTI.awf_SLFR",0.0226627977942225,0.00150132765353793
"787","WMTI.WMTI.awf_UFR",-0.0803311999488405,1.52763961935835e-29
"788","WMTI.WMTI.awf_SLTFR",0.144769813193537,4.94639120817691e-93
"789","WMTI.WMTI.awf_CorticospinaltractR",-0.00519599856485928,0.466545289347973
"790","WMTI.WMTI.awf_MediallemniscusR",0.0220515407784493,0.00202786390360125
"791","WMTI.WMTI.awf_InferiorcerebellarpeduncleR",0.0403863588749382,1.50907594731437e-08
"792","WMTI.WMTI.awf_SuperiorcerebellarpeduncleR",-0.0114838763794899,0.108042652380041
"793","WMTI.WMTI.awf_CerebralpeduncleR",-0.0492030194020396,4.84799044953723e-12
"794","WMTI.WMTI.awf_AnteriorlimbofinternalcapsuleR",0.0662216843181048,1.64533032742782e-20
"795","WMTI.WMTI.awf_.PosteriorlimbofinternalcapsuleR",0.0119666570729876,0.0939960084095576
"796","WMTI.WMTI.awf_RetrolenticularpartofinternalcapsuleR",-0.0584918303550014,2.50231370242477e-16
"797","WMTI.WMTI.awf_AnteriorcoronaradiataR",0.0329636676900611,3.90880461393937e-06
"798","WMTI.WMTI.awf_SuperiorcoronaradiataR",-0.0488106373610831,8.02826670297693e-12
"799","WMTI.WMTI.awf_PosteriorcoronaradiataR",0.037127839108377,1.91398678504028e-07
"800","WMTI.WMTI.awf_PosteriorthalamicradiationR",-0.00133894202958646,0.851209322173216
"801","WMTI.WMTI.awf_SagittalstratumR",-0.0433352727154101,1.30836846776586e-09
"802","WMTI.WMTI.awf_ExternalcapsuleR",0.0358880012863214,5.08288449558611e-07
"803","WMTI.WMTI.awf_CingulumcingulategyrusR",-0.0906097906022541,2.64333072987997e-37
"804","WMTI.WMTI.awf_CingulumhippocampusR",0.0579570582846396,4.88052469075659e-16
"805","WMTI.WMTI.awf_Fornix_StriaterminalisR",-0.117710178413867,2.0354049862309e-61
"806","WMTI.WMTI.awf_SuperiorlongitudinalfasciculusR",-0.0172131829389742,0.0159181547867817
"807","WMTI.WMTI.awf_SuperiorfrontooccipitalfasciculusR",0.197980521186551,5.74938542762214e-174
"808","WMTI.WMTI.awf_UncinatefasciculusR",0.0375315708347778,1.47695273645971e-07
"809","WMTI.WMTI.awf_TapetumR",-0.0786035353832694,3.13452740181132e-28
"810","WMTI.WMTI.awf_CINGR",0.134545213788907,4.46374633681545e-80
"811","WMTI.WMTI.radEAD_ATRR",0.0520069648502182,2.61512193589282e-13
"812","WMTI.WMTI.radEAD_CSTR",-0.0245515078173258,0.000583489683613731
"813","WMTI.WMTI.radEAD_CGR",0.0259398815649647,0.000269314002213208
"814","WMTI.WMTI.radEAD_IFOFR",-0.0903761475764662,8.52356197760084e-37
"815","WMTI.WMTI.radEAD_ILFR",-0.0987287023945395,1.27101984925051e-43
"816","WMTI.WMTI.radEAD_SLFR",-0.0468403963193054,5.04849206122253e-11
"817","WMTI.WMTI.radEAD_UFR",0.0541918184809947,2.89920191472528e-14
"818","WMTI.WMTI.radEAD_SLTFR",-0.0962976408435487,1.40791212834767e-41
"819","WMTI.WMTI.radEAD_CorticospinaltractR",0.00474464539635677,0.506603921377768
"820","WMTI.WMTI.radEAD_MediallemniscusR",0.0170826688109177,0.0166875564891944
"821","WMTI.WMTI.radEAD_InferiorcerebellarpeduncleR",0.0607701327192229,7.81341934772703e-18
"822","WMTI.WMTI.radEAD_SuperiorcerebellarpeduncleR",0.0105708386461429,0.138653220835111
"823","WMTI.WMTI.radEAD_CerebralpeduncleR",-0.0212637663782973,0.00291730213238347
"824","WMTI.WMTI.radEAD_AnteriorlimbofinternalcapsuleR",0.089519360379619,3.10996248382455e-36
"825","WMTI.WMTI.radEAD_.PosteriorlimbofinternalcapsuleR",-0.0288641812161729,4.7444211623005e-05
"826","WMTI.WMTI.radEAD_RetrolenticularpartofinternalcapsuleR",-0.066258943528803,1.51723528858286e-20
"827","WMTI.WMTI.radEAD_AnteriorcoronaradiataR",0.126995990021868,6.46435501455483e-72
"828","WMTI.WMTI.radEAD_SuperiorcoronaradiataR",0.0251807987437242,0.00040667907473958
"829","WMTI.WMTI.radEAD_PosteriorcoronaradiataR",0.0268586023427132,0.00016538538328885
"830","WMTI.WMTI.radEAD_PosteriorthalamicradiationR",-0.0372318430290041,1.84992767937047e-07
"831","WMTI.WMTI.radEAD_SagittalstratumR",-0.107557807369707,1.47669841679289e-51
"832","WMTI.WMTI.radEAD_ExternalcapsuleR",-0.0541880496784182,3.07651196999494e-14
"833","WMTI.WMTI.radEAD_CingulumcingulategyrusR",-0.0594050088787298,5.70122569870639e-17
"834","WMTI.WMTI.radEAD_CingulumhippocampusR",0.00866964851400876,0.224790656063041
"835","WMTI.WMTI.radEAD_Fornix_StriaterminalisR",-0.110562091491871,2.23708363988953e-54
"836","WMTI.WMTI.radEAD_SuperiorlongitudinalfasciculusR",-0.0430285522011793,1.60797255053378e-09
"837","WMTI.WMTI.radEAD_SuperiorfrontooccipitalfasciculusR",0.16516888686635,2.10110001787037e-121
"838","WMTI.WMTI.radEAD_UncinatefasciculusR",0.017866547170517,0.0123119527462735
"839","WMTI.WMTI.radEAD_TapetumR",-0.0336974869354239,2.36096586406517e-06
"840","WMTI.WMTI.radEAD_CINGR",-0.038716383514872,5.98341577769348e-08
